{"note0": {"pitch": 60, "start": 0.0, "duration": 0.5543985916666667, "arrows": ["up", "right", "down", "left"]}, "note1": {"pitch": 69, "start": 0.555556, "duration": 0.8321765916666667, "arrows": []}, "note2": {"pitch": 69, "start": 1.38889, "duration": 0.27662059166666664, "arrows": []}, "note3": {"pitch": 67, "start": 1.666668, "duration": 0.27662059166666664, "arrows": []}, "note4": {"pitch": 69, "start": 1.944446, "duration": 0.27662059166666686, "arrows": []}, "note5": {"pitch": 67, "start": 2.222224, "duration": 0.27662059166666664, "arrows": []}, "note6": {"pitch": 69, "start": 2.500002, "duration": 0.27662059166666664, "arrows": []}, "note7": {"pitch": 67, "start": 2.77778, "duration": 0.27662059166666664, "arrows": []}, "note8": {"pitch": 65, "start": 3.055558, "duration": 1.1099545916666664, "arrows": []}, "note9": {"pitch": 65, "start": 4.16667, "duration": 0.2766205916666671, "arrows": []}, "note10": {"pitch": 69, "start": 4.444448, "duration": 0.2766205916666662, "arrows": []}, "note11": {"pitch": 72, "start": 4.722226, "duration": 0.8321765916666664, "arrows": []}, "note12": {"pitch": 72, "start": 5.55556, "duration": 0.2766205916666671, "arrows": []}, "note13": {"pitch": 74, "start": 5.833338, "duration": 0.5543985916666667, "arrows": []}, "note14": {"pitch": 72, "start": 6.388894, "duration": 0.13773159166666726, "arrows": []}, "note15": {"pitch": 72, "start": 6.527783, "duration": 0.2766205916666662, "arrows": []}, "note16": {"pitch": 69, "start": 6.805561, "duration": 0.2766205916666671, "arrows": []}, "note17": {"pitch": 67, "start": 7.083339, "duration": 1.1099545916666669, "arrows": []}, "note18": {"pitch": 72, "start": 8.611118, "duration": 0.2766205916666671, "arrows": []}, "note19": {"pitch": 69, "start": 8.888896, "duration": 0.2766205916666653, "arrows": []}, "note20": {"pitch": 69, "start": 9.166674, "duration": 0.5543985916666667, "arrows": []}, "note21": {"pitch": 69, "start": 9.72223, "duration": 0.2766205916666671, "arrows": []}, "note22": {"pitch": 69, "start": 10.000008, "duration": 0.2766205916666671, "arrows": []}, "note23": {"pitch": 72, "start": 10.277786, "duration": 0.5543985916666667, "arrows": []}, "note24": {"pitch": 70, "start": 10.833342, "duration": 0.2766205916666671, "arrows": []}, "note25": {"pitch": 69, "start": 11.11112, "duration": 0.2766205916666671, "arrows": []}, "note26": {"pitch": 70, "start": 11.388898, "duration": 0.5543985916666667, "arrows": []}, "note27": {"pitch": 70, "start": 11.944454, "duration": 0.2766205916666671, "arrows": []}, "note28": {"pitch": 70, "start": 12.222232, "duration": 0.2766205916666671, "arrows": []}, "note29": {"pitch": 70, "start": 12.50001, "duration": 0.2766205916666671, "arrows": []}, "note30": {"pitch": 70, "start": 13.055566, "duration": 0.2766205916666653, "arrows": []}, "note31": {"pitch": 70, "start": 13.333344, "duration": 0.2766205916666671, "arrows": []}, "note32": {"pitch": 69, "start": 13.611122, "duration": 0.5543985916666667, "arrows": []}, "note33": {"pitch": 69, "start": 14.166678, "duration": 0.2766205916666671, "arrows": []}, "note34": {"pitch": 69, "start": 14.444456, "duration": 0.2766205916666653, "arrows": []}, "note35": {"pitch": 67, "start": 14.722234, "duration": 0.5543985916666667, "arrows": []}, "note36": {"pitch": 67, "start": 15.27779, "duration": 0.2766205916666671, "arrows": []}, "note37": {"pitch": 67, "start": 15.555568, "duration": 0.2766205916666671, "arrows": []}, "note38": {"pitch": 65, "start": 15.833346, "duration": 1.109954591666666, "arrows": []}}